<?xml version="1.0" encoding="UTF-8" standalone="no"?>

<!--UGC_VERSION = 1024-->
<XML_DOCUMENT xmlns:SOAP-ENC="http://schemas.xmlsoap.org/soap/encoding/">
    <PTC_HEADER>
        <VENDOR>Parametric Technology Corporation</VENDOR>
        <PRODUCT>Creo Parametric 3402014500</PRODUCT>
        <XML_VERSION>1.0</XML_VERSION>
        <HOST_NAME>MWS1531</HOST_NAME>
        <USER>acavines</USER>
        <MACHINE_TYPE> Intel64 Family 6 Model 94 Stepping 3  GenuineIntel  3408 MHz</MACHINE_TYPE>
    </PTC_HEADER>
    <zip_manifest_info pointer="TRUE" proe_version="1835" top_model_wname="BATTERIESINCASE.ASM"/>
</XML_DOCUMENT>
